{
    "configs": {
        "anchors": [
            [
                279.963382,
                -86.287767,
                -38.013397,
                119.999863
            ],
            [
                284.545798,
                -61.615158,
                -38.014679,
                119.99987
            ],
            [
                311.649698,
                -66.759765,
                -38.017754,
                119.999847
            ],
            [
                307.127811,
                -87.878393,
                -38.017822,
                119.999535
            ]
        ],
        "size_conversion_ratio": 0.0015376622003605688,
        "tf_mtx": [
            [
                0.007279807905838939,
                0.04142409222990451,
                256.56286735335294
            ],
            [
                0.039267273252622525,
                -0.0008660205478589825,
                -112.3812696272833
            ],
            [
                0.0,
                0.0,
                1.0
            ]
        ]
    },
    "run_params": {},
    "camera_params": {
        "camera_2": {
            "2592 x 1944": {
                "cam_mtx": [
                    [
                        5248.541641273871,
                        0.0,
                        1253.954613398179
                    ],
                    [
                        0.0,
                        5249.497501261133,
                        929.749205855258
                    ],
                    [
                        0.0,
                        0.0,
                        1.0
                    ]
                ],
                "dist": [
                    [
                        -0.6056784377647718,
                        -0.22349672145537805,
                        0.0008991908467905292,
                        0.0011831695260415863,
                        6.192254309151889
                    ]
                ],
                "newcam_mtx": [
                    [
                        4924.56201171875,
                        0.0,
                        1252.248159679395
                    ],
                    [
                        0.0,
                        4923.59375,
                        928.599337306805
                    ],
                    [
                        0.0,
                        0.0,
                        1.0
                    ]
                ]
            }
        },
        "camera_1": {}
    }
}