{
    "configs": {
        "anchors": [
            [
                264.218136,
                -86.822814,
                -38.007351,
                120.000099
            ],
            [
                269.232679,
                -62.513905,
                -38.00996,
                120.000458
            ],
            [
                295.72557,
                -67.732316,
                -38.014141,
                120.000504
            ],
            [
                290.398527,
                -88.691257,
                -38.014301,
                120.000626
            ]
        ],
        "size_conversion_ratio": 0.0008983924969917989,
        "tf_mtx": [
            [
                0.005414542868601905,
                0.031858922183082006,
                241.67934261816862
            ],
            [
                0.02986009288655537,
                -0.00012741210553008503,
                -113.29578746761825
            ],
            [
                0.0,
                0.0,
                1.0
            ]
        ]
    },
    "run_params": {},
    "camera_params": {
        "camera_2": {
            "2592 x 1944": {
                "cam_mtx": [
                    [
                        5248.541641273871,
                        0.0,
                        1253.954613398179
                    ],
                    [
                        0.0,
                        5249.497501261133,
                        929.749205855258
                    ],
                    [
                        0.0,
                        0.0,
                        1.0
                    ]
                ],
                "dist": [
                    [
                        -0.6056784377647718,
                        -0.22349672145537805,
                        0.0008991908467905292,
                        0.0011831695260415863,
                        6.192254309151889
                    ]
                ],
                "newcam_mtx": [
                    [
                        4924.56201171875,
                        0.0,
                        1252.248159679395
                    ],
                    [
                        0.0,
                        4923.59375,
                        928.599337306805
                    ],
                    [
                        0.0,
                        0.0,
                        1.0
                    ]
                ]
            }
        },
        "camera_1": {}
    }
}